Date,Equipment,Handedness,"Swing Details","Plane Score","Connection Score","Rotation Score","Bat Speed (mph)","Rotational Acceleration (g)","On Plane Efficiency (%)","Attack Angle (deg)","Early Connection (deg)","Connection at Impact (deg)","Vertical Bat Angle (deg)","Power (kW)","Time to Contact (sec)","Peak Hand Speed (mph)","Exit Velocity (mph)","Launch Angle (deg)","Estimated Distance (feet)"
"Dec 16, 2021 01:09:27 PM","Avenge Pro Composite BBCOR",Right,"General Practice",54,52,56,68.4,15.2,71,13,80,77,-20,3.69,0.16,20.6,,,
"Dec 16, 2021 01:09:20 PM","Avenge Pro Composite BBCOR",Right,"General Practice",70,50,53,69.8,14.3,87,4,73,83,-28,4.54,0.13,21.2,,,
"Dec 16, 2021 01:09:13 PM","Avenge Pro Composite BBCOR",Right,"General Practice",69,49,50,63.6,12.9,86,5,72,82,-23,3.51,0.14,19.8,,,
"Dec 16, 2021 01:09:06 PM","Avenge Pro Composite BBCOR",Right,"General Practice",56,41,58,67.2,16.4,73,10,67,76,-33,3.62,0.15,21.2,,,
"Dec 16, 2021 01:08:57 PM","Avenge Pro Composite BBCOR",Right,"General Practice",61,53,54,68.8,14.7,78,5,77,82,-22,4.23,0.14,20.7,,,
"Dec 16, 2021 01:08:51 PM","Avenge Pro Composite BBCOR",Right,"General Practice",67,42,57,68.4,15.6,84,5,67,78,-26,4.3,0.13,21.7,,,
"Dec 16, 2021 01:08:40 PM","Avenge Pro Composite BBCOR",Right,"General Practice",56,53,52,64.3,13.6,73,11,80,78,-20,2.93,0.17,19.1,,,
"Dec 16, 2021 01:08:33 PM","Avenge Pro Composite BBCOR",Right,"General Practice",54,49,59,65.1,16.4,70,9,74,80,-26,3.53,0.15,20.6,,,
"Dec 16, 2021 01:08:28 PM","Avenge Pro Composite BBCOR",Right,"General Practice",56,42,62,64.9,18,72,7,66,80,-32,3.37,0.15,21.2,,,
"Dec 16, 2021 01:06:36 PM","Avenge Pro Composite BBCOR",Right,"General Practice",66,50,61,70.1,17.5,83,2,78,78,-24,4.81,0.13,20.9,,,
"Dec 16, 2021 01:06:26 PM","Avenge Pro Composite BBCOR",Right,"General Practice",59,49,58,67.7,16.2,76,7,78,76,-25,3.98,0.14,20.3,,,
"Dec 16, 2021 01:06:18 PM","Avenge Pro Composite BBCOR",Right,"General Practice",57,45,56,67.4,15.5,74,5,75,74,-29,4,0.14,20.6,,,
"Dec 16, 2021 01:06:12 PM","Avenge Pro Composite BBCOR",Right,"General Practice",69,43,54,66.4,14.5,86,7,70,76,-24,3.88,0.14,20,,,
"Dec 16, 2021 01:06:05 PM","Avenge Pro Composite BBCOR",Right,"General Practice",54,49,49,67.2,12.4,71,8,78,77,-29,3.44,0.16,20.2,,,
"Dec 16, 2021 01:05:59 PM","Avenge Pro Composite BBCOR",Right,"General Practice",58,46,57,67.1,15.8,75,12,73,78,-23,3.75,0.15,20.5,,,
"Dec 16, 2021 01:05:51 PM","Avenge Pro Composite BBCOR",Right,"General Practice",70,40,51,63.3,13.2,87,12,66,76,-22,3.24,0.15,20.5,,,
"Dec 16, 2021 01:05:45 PM","Avenge Pro Composite BBCOR",Right,"General Practice",62,46,46,64.1,11.4,79,12,72,78,-20,3.25,0.16,20.2,,,
"Dec 16, 2021 01:01:28 PM","Avenge Pro Composite BBCOR",Right,"General Practice",49,56,46,65.6,11.4,66,13,86,76,-19,3.2,0.17,19.4,,,
"Dec 16, 2021 01:01:21 PM","Avenge Pro Composite BBCOR",Right,"General Practice",66,49,57,63.9,15.6,82,-3,75,79,-27,3.94,0.13,20.2,,,
"Dec 16, 2021 01:01:15 PM","Avenge Pro Composite BBCOR",Right,"General Practice",61,52,50,72.7,12.8,78,9,79,79,-27,4.66,0.14,21.7,,,
"Dec 16, 2021 01:01:08 PM","Avenge Pro Composite BBCOR",Right,"General Practice",53,52,50,65.5,12.7,70,13,81,76,-21,3.31,0.16,19.1,,,
"Dec 16, 2021 01:01:01 PM","Avenge Pro Composite BBCOR",Right,"General Practice",59,43,62,69.8,17.9,75,8,71,76,-27,4.29,0.14,21.6,,,
"Dec 16, 2021 01:00:56 PM","Avenge Pro Composite BBCOR",Right,"General Practice",61,46,61,69.5,17.3,78,7,74,77,-25,4.44,0.13,21.4,,,
"Dec 16, 2021 01:00:50 PM","Avenge Pro Composite BBCOR",Right,"General Practice",53,58,55,67.4,15.1,70,7,83,80,-22,3.73,0.15,20.1,,,
"Dec 16, 2021 01:00:45 PM","Avenge Pro Composite BBCOR",Right,"General Practice",56,41,56,68.4,15.4,73,10,66,77,-28,4,0.14,21.3,,,
"Dec 16, 2021 12:58:38 PM","Avenge Pro Composite BBCOR",Right,"General Practice",66,41,57,70.7,15.6,83,7,68,75,-28,4.34,0.14,21.8,,,
"Dec 16, 2021 12:58:32 PM","Avenge Pro Composite BBCOR",Right,"General Practice",60,50,55,67.7,15.1,76,10,79,77,-21,3.97,0.14,20,,,
"Dec 16, 2021 12:58:24 PM","Avenge Pro Composite BBCOR",Right,"General Practice",67,40,50,63.5,13,84,10,68,74,-22,3.54,0.14,19.4,,,
"Dec 16, 2021 12:58:18 PM","Avenge Pro Composite BBCOR",Right,"General Practice",56,47,57,58.5,15.9,73,9,74,78,-27,2.93,0.14,19,,,
"Dec 16, 2021 12:58:10 PM","Avenge Pro Composite BBCOR",Right,"General Practice",65,39,49,64.5,12.6,82,12,68,73,-21,3.29,0.16,19.3,,,
"Dec 16, 2021 12:58:05 PM","Avenge Pro Composite BBCOR",Right,"General Practice",55,45,57,65,15.6,72,9,74,76,-26,3.62,0.14,20.1,,,
"Dec 16, 2021 12:57:59 PM","Avenge Pro Composite BBCOR",Right,"General Practice",71,43,57,67.2,15.6,88,4,70,76,-23,4.16,0.13,20.3,,,
"Dec 16, 2021 12:57:54 PM","Avenge Pro Composite BBCOR",Right,"General Practice",54,41,56,68,15.2,71,13,72,71,-21,3.85,0.15,21.1,,,
"Dec 16, 2021 12:55:59 PM","Avenge Pro Composite BBCOR",Right,"General Practice",65,50,59,70.8,16.5,82,6,79,76,-19,4.61,0.13,20.9,,,
"Dec 16, 2021 12:55:52 PM","Avenge Pro Composite BBCOR",Right,"General Practice",64,41,58,68.6,16.1,81,11,72,72,-17,4.2,0.14,20.8,,,
"Dec 16, 2021 12:55:45 PM","Avenge Pro Composite BBCOR",Right,"General Practice",67,42,59,70,16.6,84,9,69,76,-22,4.32,0.14,21.2,,,
"Dec 16, 2021 12:55:37 PM","Avenge Pro Composite BBCOR",Right,"General Practice",44,54,58,68.2,16.2,61,11,84,75,-20,3.67,0.16,19.9,,,
"Dec 16, 2021 12:55:28 PM","Avenge Pro Composite BBCOR",Right,"General Practice",71,40,60,68.5,17.1,88,1,67,75,-26,4.44,0.13,22.2,,,
"Dec 16, 2021 12:55:22 PM","Avenge Pro Composite BBCOR",Right,"General Practice",50,55,55,67.2,14.8,66,7,84,76,-19,3.53,0.16,20.1,,,
"Dec 16, 2021 12:55:16 PM","Avenge Pro Composite BBCOR",Right,"General Practice",64,46,62,68.6,17.8,81,8,73,77,-19,4.27,0.14,20.8,,,
"Dec 16, 2021 12:55:10 PM","Avenge Pro Composite BBCOR",Right,"General Practice",57,45,61,70.7,17.5,73,11,74,75,-19,4.27,0.14,20.7,,,
"Dec 16, 2021 12:53:10 PM","Avenge Pro Composite BBCOR",Right,"General Practice",52,45,59,67.7,16.6,69,15,78,72,-16,3.72,0.15,19.5,,,
"Dec 16, 2021 12:53:03 PM","Avenge Pro Composite BBCOR",Right,"General Practice",66,42,60,69.8,16.8,83,7,69,76,-23,4.41,0.14,21.7,,,
"Dec 16, 2021 12:52:55 PM","Avenge Pro Composite BBCOR",Right,"General Practice",64,36,59,71.2,16.8,80,8,63,71,-26,4.47,0.14,22.3,,,
"Dec 16, 2021 12:52:48 PM","Avenge Pro Composite BBCOR",Right,"General Practice",54,47,57,67.9,15.7,70,9,77,75,-23,3.51,0.16,20.4,,,
"Dec 16, 2021 12:52:40 PM","Avenge Pro Composite BBCOR",Right,"General Practice",60,41,66,70.9,19.6,76,7,68,76,-28,4.55,0.14,22.2,,,
"Dec 16, 2021 12:52:33 PM","Avenge Pro Composite BBCOR",Right,"General Practice",66,38,60,68.6,17.1,83,13,64,74,-20,4.2,0.14,22.1,,,
"Dec 16, 2021 12:52:26 PM","Avenge Pro Composite BBCOR",Right,"General Practice",56,46,56,63.5,15.4,72,12,75,75,-14,3.06,0.16,19.3,,,
"Dec 16, 2021 12:52:19 PM","Avenge Pro Composite BBCOR",Right,"General Practice",59,47,55,66.2,14.9,76,12,73,79,-21,3.75,0.14,20,,,
"Dec 16, 2021 12:50:37 PM","Avenge Pro Composite BBCOR",Right,"General Practice",67,42,54,66.6,14.5,84,11,70,75,-18,3.79,0.14,20.3,,,
"Dec 16, 2021 12:50:26 PM","Avenge Pro Composite BBCOR",Right,"General Practice",70,40,60,68.6,17.2,87,11,67,74,-23,4.4,0.13,21.2,,,
"Dec 16, 2021 12:50:19 PM","Avenge Pro Composite BBCOR",Right,"General Practice",55,47,60,67.3,16.9,72,13,78,73,-17,3.72,0.15,19.2,,,
"Dec 16, 2021 12:50:12 PM","Avenge Pro Composite BBCOR",Right,"General Practice",50,49,57,65.8,15.6,67,12,83,72,-14,3.38,0.16,18.6,,,
"Dec 16, 2021 12:50:02 PM","Avenge Pro Composite BBCOR",Right,"General Practice",54,44,59,66.4,16.7,70,10,74,75,-20,3.72,0.15,19.6,,,
"Dec 16, 2021 12:49:56 PM","Avenge Pro Composite BBCOR",Right,"General Practice",70,40,57,67.5,15.8,87,5,67,76,-26,4.12,0.14,20.7,,,
"Dec 16, 2021 12:49:50 PM","Avenge Pro Composite BBCOR",Right,"General Practice",52,45,58,64.4,16.1,68,10,74,75,-22,3.32,0.15,19.5,,,
"Dec 16, 2021 12:49:44 PM","Avenge Pro Composite BBCOR",Right,"General Practice",56,43,62,67.7,17.9,73,12,68,78,-19,3.98,0.14,20.3,,,
"Dec 16, 2021 12:47:42 PM","Avenge Pro Composite BBCOR",Right,"General Practice",70,42,57,66.3,15.7,87,2,66,79,-26,4.17,0.13,20.7,,,
"Dec 16, 2021 12:47:35 PM","Avenge Pro Composite BBCOR",Right,"General Practice",69,40,47,65.3,11.6,86,7,64,77,-28,3.32,0.16,20.7,,,
"Dec 16, 2021 12:47:28 PM","Avenge Pro Composite BBCOR",Right,"General Practice",70,45,51,65,13.3,87,10,71,78,-19,3.43,0.15,19.6,,,
"Dec 16, 2021 12:47:22 PM","Avenge Pro Composite BBCOR",Right,"General Practice",69,43,58,69.2,16.4,86,3,68,79,-30,4.55,0.13,21.5,,,
"Dec 16, 2021 12:47:07 PM","Avenge Pro Composite BBCOR",Right,"General Practice",60,48,59,62.3,16.8,77,10,74,79,-14,3.19,0.15,18.3,,,
"Dec 16, 2021 12:46:59 PM","Avenge Pro Composite BBCOR",Right,"General Practice",61,50,48,67.3,12.1,77,11,77,78,-13,3.67,0.15,18.8,,,
"Dec 16, 2021 12:46:51 PM","Avenge Pro Composite BBCOR",Right,"General Practice",70,40,56,68.8,15.4,87,8,66,77,-27,4.23,0.14,21.4,,,
"Dec 16, 2021 12:46:45 PM","Avenge Pro Composite BBCOR",Right,"General Practice",57,63,55,73.3,15,73,11,82,85,-20,5.17,0.13,20.7,,,
"Dec 16, 2021 12:45:03 PM","Avenge Pro Composite BBCOR",Right,"General Practice",68,41,48,66.6,12,85,8,67,77,-25,3.7,0.15,20.5,,,
"Dec 16, 2021 12:44:56 PM","Avenge Pro Composite BBCOR",Right,"General Practice",72,41,52,64.9,13.6,88,3,65,79,-29,3.87,0.13,20.8,,,
"Dec 16, 2021 12:44:49 PM","Avenge Pro Composite BBCOR",Right,"General Practice",68,41,50,65.6,12.8,84,8,65,78,-22,3.59,0.15,20.7,,,
"Dec 16, 2021 12:44:42 PM","Avenge Pro Composite BBCOR",Right,"General Practice",62,44,48,65.3,12.2,79,4,68,79,-28,3.71,0.14,20.6,,,
"Dec 16, 2021 12:44:36 PM","Avenge Pro Composite BBCOR",Right,"General Practice",57,40,58,65.8,16,74,9,64,78,-31,3.66,0.15,20.5,,,
"Dec 16, 2021 12:44:30 PM","Avenge Pro Composite BBCOR",Right,"General Practice",59,45,54,59.8,14.5,76,7,69,80,-23,2.86,0.15,18.4,,,
"Dec 16, 2021 12:44:24 PM","Avenge Pro Composite BBCOR",Right,"General Practice",70,40,46,62.1,11.4,87,10,64,77,-20,3.26,0.15,19.1,,,
"Dec 16, 2021 12:44:19 PM","Avenge Pro Composite BBCOR",Right,"General Practice",63,48,49,61.7,12.4,80,13,74,80,-15,3.01,0.16,18.1,,,
"Dec 16, 2021 12:42:33 PM","Avenge Pro Composite BBCOR",Right,"General Practice",60,50,46,62.6,11.3,76,9,76,80,-20,2.95,0.16,18.9,,,
"Dec 16, 2021 12:42:26 PM","Avenge Pro Composite BBCOR",Right,"General Practice",69,44,57,63.7,15.9,86,5,67,81,-24,3.9,0.13,19.6,,,
"Dec 16, 2021 12:42:19 PM","Avenge Pro Composite BBCOR",Right,"General Practice",62,41,63,62.4,18.3,78,9,66,78,-25,3.37,0.14,19.2,,,
"Dec 16, 2021 12:42:12 PM","Avenge Pro Composite BBCOR",Right,"General Practice",66,46,50,63.2,13,83,11,70,81,-19,3.41,0.14,19.2,,,
"Dec 16, 2021 12:42:06 PM","Avenge Pro Composite BBCOR",Right,"General Practice",67,43,56,75.3,15.3,84,12,66,80,-23,5.73,0.12,21.9,,,
"Dec 16, 2021 12:41:59 PM","Avenge Pro Composite BBCOR",Right,"General Practice",60,49,58,61.1,16.2,77,9,73,82,-19,3.06,0.15,19.1,,,
"Dec 16, 2021 12:41:52 PM","Avenge Pro Composite BBCOR",Right,"General Practice",67,43,47,61.6,11.7,84,9,69,77,-19,3.2,0.15,18.5,,,
"Dec 16, 2021 12:41:44 PM","Avenge Pro Composite BBCOR",Right,"General Practice",66,39,54,63.4,14.6,83,9,61,78,-27,3.64,0.14,20.2,,,
"Dec 15, 2021 02:42:17 PM","Avenge Pro Composite BBCOR",Right,"Pitching Machine",70,41,58,68.1,16.3,87,2,65,78,-34,4.15,0.14,21.2,,,
"Dec 15, 2021 02:42:10 PM","Avenge Pro Composite BBCOR",Right,"Pitching Machine",67,51,65,62.1,19,83,-3,72,85,-29,3.9,0.12,20.4,,,
"Dec 15, 2021 02:42:02 PM","Avenge Pro Composite BBCOR",Right,"Pitching Machine",65,49,62,63.5,17.7,82,0,70,84,-31,3.76,0.13,20,,,
"Dec 15, 2021 02:34:25 PM","Avenge Pro Composite BBCOR",Right,"Pitching Machine",70,39,60,67.3,16.9,87,6,64,76,-25,4.16,0.13,20.4,,,
"Dec 15, 2021 02:34:17 PM","Avenge Pro Composite BBCOR",Right,"Pitching Machine",60,44,64,64.3,18.7,77,14,70,77,-26,3.49,0.15,20.3,,,
"Dec 15, 2021 02:33:49 PM","Avenge Pro Composite BBCOR",Right,"Pitching Machine",73,44,55,63,15,90,-2,67,81,-28,4.08,0.12,19.8,,,
"Dec 15, 2021 02:33:40 PM","Avenge Pro Composite BBCOR",Right,"Pitching Machine",73,38,61,65.5,17.3,90,-2,64,75,-33,4.06,0.13,21.2,,,
"Dec 15, 2021 02:33:33 PM","Avenge Pro Composite BBCOR",Right,"Pitching Machine",69,46,58,60,16.2,86,4,72,79,-23,3.41,0.13,18,,,
"Dec 15, 2021 02:25:15 PM","Avenge Pro Composite BBCOR",Right,"Pitching Machine",60,49,54,65.5,14.3,76,9,79,75,-27,3.62,0.15,18.9,,,
"Dec 15, 2021 02:24:58 PM","Avenge Pro Composite BBCOR",Right,"Pitching Machine",70,45,63,64.8,18.2,87,0,70,79,-28,4.25,0.12,20.5,,,
"Dec 15, 2021 02:24:52 PM","Avenge Pro Composite BBCOR",Right,"Pitching Machine",62,57,49,64.6,12.5,78,8,82,80,-21,3.34,0.15,18.9,,,
"Dec 15, 2021 02:24:20 PM","Avenge Pro Composite BBCOR",Right,"Pitching Machine",62,52,59,63.2,16.6,79,3,78,80,-28,3.41,0.14,19.1,,,
"Dec 15, 2021 02:24:08 PM","Avenge Pro Composite BBCOR",Right,"Pitching Machine",68,44,54,66.5,14.7,85,8,69,79,-26,3.84,0.14,21.3,,,
"Dec 15, 2021 02:23:36 PM","Avenge Pro Composite BBCOR",Right,"Pitching Machine",71,48,59,64.3,16.4,88,0,73,80,-26,3.92,0.13,19.8,,,
"Dec 15, 2021 02:23:29 PM","Avenge Pro Composite BBCOR",Right,"Pitching Machine",72,45,55,64.3,15,89,1,68,80,-29,3.74,0.14,21,,,
"Dec 15, 2021 02:23:23 PM","Avenge Pro Composite BBCOR",Right,"Pitching Machine",72,41,55,64,15,89,-3,65,78,-33,3.77,0.13,20.7,,,
"Dec 15, 2021 02:17:59 PM","Avenge Pro Composite BBCOR",Right,"Pitching Machine",64,48,61,68.1,17.5,81,2,73,80,-29,4.47,0.13,20.8,,,
"Dec 15, 2021 02:17:53 PM","Avenge Pro Composite BBCOR",Right,"Pitching Machine",71,44,55,65.2,14.8,88,-1,69,79,-26,4.03,0.13,21.1,,,
"Dec 15, 2021 02:17:45 PM","Avenge Pro Composite BBCOR",Right,"Pitching Machine",71,47,59,66.5,16.7,88,3,71,81,-28,4.01,0.14,21.5,,,
"Dec 15, 2021 02:17:30 PM","Avenge Pro Composite BBCOR",Right,"Pitching Machine",71,47,56,63.4,15.4,88,-2,73,79,-27,4,0.12,19.9,,,
"Dec 15, 2021 02:17:22 PM","Avenge Pro Composite BBCOR",Right,"Pitching Machine",63,48,60,63.7,16.9,79,8,73,81,-28,3.47,0.14,19.1,,,
"Dec 15, 2021 02:17:15 PM","Avenge Pro Composite BBCOR",Right,"Pitching Machine",73,42,49,62.2,12.5,90,-2,64,81,-29,3.22,0.15,20.6,,,
"Dec 15, 2021 02:17:07 PM","Avenge Pro Composite BBCOR",Right,"Pitching Machine",74,37,60,57.6,16.8,91,-17,68,69,-27,3.86,0.11,18.6,,,
"Dec 15, 2021 02:16:59 PM","Avenge Pro Composite BBCOR",Right,"Pitching Machine",62,51,56,62,15.4,79,4,75,81,-27,3.21,0.15,19.8,,,
"Dec 15, 2021 02:16:52 PM","Avenge Pro Composite BBCOR",Right,"Pitching Machine",59,55,58,65.4,16.3,76,9,77,84,-30,4.12,0.13,17.5,,,
"Dec 15, 2021 02:09:24 PM","Avenge Pro Composite BBCOR",Right,"Pitching Machine",63,46,53,66.9,14.2,80,11,72,79,-19,3.49,0.16,20.5,,,
"Dec 15, 2021 02:09:18 PM","Avenge Pro Composite BBCOR",Right,"Pitching Machine",54,52,53,63.8,14,70,12,80,78,-17,3.03,0.17,19.6,,,
"Dec 15, 2021 02:09:12 PM","Avenge Pro Composite BBCOR",Right,"Pitching Machine",68,48,60,66.5,17.2,85,8,71,83,-24,3.78,0.14,20.9,,,
"Dec 15, 2021 02:09:06 PM","Avenge Pro Composite BBCOR",Right,"Pitching Machine",69,39,53,64.3,14.1,85,12,63,77,-20,3.54,0.14,21.4,,,
"Dec 15, 2021 02:08:54 PM","Avenge Pro Composite BBCOR",Right,"Pitching Machine",66,40,56,68.5,15.5,83,11,67,75,-23,3.96,0.15,21.8,,,
"Dec 15, 2021 02:08:49 PM","Avenge Pro Composite BBCOR",Right,"Pitching Machine",67,43,61,67.2,17.2,84,7,68,79,-24,4.16,0.13,21.7,,,
"Dec 15, 2021 02:08:44 PM","Avenge Pro Composite BBCOR",Right,"Pitching Machine",73,41,58,66.5,16.4,90,1,61,82,-30,4.32,0.13,22,,,
"Dec 15, 2021 02:04:05 PM","Avenge Pro Composite BBCOR",Right,"Front Toss Overhand",66,49,60,67,16.8,83,10,73,82,-21,4.13,0.13,21.3,,,
"Dec 15, 2021 02:03:58 PM","Avenge Pro Composite BBCOR",Right,"Front Toss Overhand",56,50,60,63.6,17.2,72,11,77,79,-21,3.32,0.15,19.8,,,
"Dec 15, 2021 02:03:48 PM","Avenge Pro Composite BBCOR",Right,"Front Toss Overhand",70,43,61,62.4,17.5,87,5,66,81,-21,3.69,0.13,20.7,,,
"Dec 15, 2021 02:03:43 PM","Avenge Pro Composite BBCOR",Right,"Front Toss Overhand",67,39,56,63.2,15.4,83,15,65,75,-15,3.29,0.15,20,,,
"Dec 15, 2021 02:03:35 PM","Avenge Pro Composite BBCOR",Right,"Front Toss Overhand",64,59,48,59.2,12.2,80,5,80,84,-23,2.92,0.15,17.4,,,
"Dec 15, 2021 02:03:29 PM","Avenge Pro Composite BBCOR",Right,"Front Toss Overhand",72,39,54,64,14.6,89,9,61,78,-27,3.56,0.14,21.1,,,
"Dec 15, 2021 02:03:23 PM","Avenge Pro Composite BBCOR",Right,"Front Toss Overhand",72,44,59,64.1,16.7,88,4,67,82,-27,4.02,0.13,20.9,,,
"Dec 15, 2021 02:03:18 PM","Avenge Pro Composite BBCOR",Right,"Front Toss Overhand",50,58,62,64.8,17.9,67,10,82,81,-22,3.27,0.16,19.6,,,
"Dec 15, 2021 01:55:08 PM","Avenge Pro Composite BBCOR",Right,"Front Toss Underhand",57,51,61,67.2,17.2,74,12,76,81,-18,3.71,0.15,20,,,
"Dec 15, 2021 01:54:54 PM","Avenge Pro Composite BBCOR",Right,"Front Toss Underhand",70,41,54,65.3,14.6,87,9,65,78,-25,3.76,0.14,21.3,,,
"Dec 15, 2021 01:54:48 PM","Avenge Pro Composite BBCOR",Right,"Front Toss Underhand",58,56,58,62.6,16.4,75,6,79,82,-22,3.26,0.15,19.8,,,
"Dec 15, 2021 01:54:42 PM","Avenge Pro Composite BBCOR",Right,"Front Toss Underhand",62,44,62,66.8,17.7,79,6,67,81,-29,4.24,0.13,22.3,,,
"Dec 15, 2021 01:54:35 PM","Avenge Pro Composite BBCOR",Right,"Front Toss Underhand",64,47,62,66.2,17.7,81,11,72,80,-22,3.8,0.14,20.7,,,
"Dec 15, 2021 01:54:25 PM","Avenge Pro Composite BBCOR",Right,"Front Toss Underhand",62,43,61,68.5,17.3,78,10,67,80,-29,4.08,0.14,21.3,,,
"Dec 15, 2021 01:54:19 PM","Avenge Pro Composite BBCOR",Right,"Front Toss Underhand",62,50,52,65.4,13.8,79,10,77,78,-18,3.1,0.17,20.2,,,
"Dec 15, 2021 01:54:14 PM","Avenge Pro Composite BBCOR",Right,"Front Toss Underhand",59,46,60,66.3,17,76,11,72,79,-25,3.76,0.14,21.4,,,
"Dec 15, 2021 01:54:09 PM","Avenge Pro Composite BBCOR",Right,"Front Toss Underhand",55,49,59,63.9,16.6,72,15,76,78,-19,3.11,0.16,19.5,,,
"Dec 15, 2021 01:48:40 PM","Avenge Pro Composite BBCOR",Right,"Front Toss Overhand",54,51,55,62.4,15,71,14,78,78,-20,2.96,0.16,19.2,,,
"Dec 15, 2021 01:48:34 PM","Avenge Pro Composite BBCOR",Right,"Front Toss Overhand",57,41,61,66.4,17.6,74,11,66,77,-31,3.88,0.14,21.3,,,
"Dec 15, 2021 01:48:27 PM","Avenge Pro Composite BBCOR",Right,"Front Toss Overhand",72,43,58,65.4,16.2,89,12,67,79,-22,3.71,0.14,21.4,,,
"Dec 15, 2021 01:48:22 PM","Avenge Pro Composite BBCOR",Right,"Front Toss Overhand",62,49,55,66.7,15,79,10,73,81,-24,3.76,0.15,20.3,,,
"Dec 15, 2021 01:48:15 PM","Avenge Pro Composite BBCOR",Right,"Front Toss Overhand",65,52,58,63.1,16.2,81,8,75,83,-22,3.27,0.15,20,,,
"Dec 15, 2021 01:48:10 PM","Avenge Pro Composite BBCOR",Right,"Front Toss Overhand",66,47,57,65.9,15.7,82,8,69,82,-27,3.82,0.14,21.4,,,
"Dec 15, 2021 01:47:58 PM","Avenge Pro Composite BBCOR",Right,"Front Toss Overhand",55,51,61,61.5,17.2,72,8,74,83,-25,3.19,0.15,20.1,,,
"Dec 15, 2021 01:47:53 PM","Avenge Pro Composite BBCOR",Right,"Front Toss Overhand",69,42,54,69.7,14.4,85,9,66,79,-28,4.28,0.14,23.1,,,
"Dec 15, 2021 01:43:37 PM","Avenge Pro Composite BBCOR",Right,"Front Toss Overhand",61,55,58,63.1,16.3,78,10,78,83,-20,3.27,0.15,19.7,,,
"Dec 15, 2021 01:43:32 PM","Avenge Pro Composite BBCOR",Right,"Front Toss Overhand",64,46,60,64.6,17,81,8,69,82,-34,3.38,0.15,20.5,,,
"Dec 15, 2021 01:43:25 PM","Avenge Pro Composite BBCOR",Right,"Front Toss Overhand",56,48,57,62.6,15.8,73,13,73,80,-26,3.02,0.16,19.9,,,
"Dec 15, 2021 01:43:20 PM","Avenge Pro Composite BBCOR",Right,"Front Toss Overhand",49,56,60,62.2,17.2,65,14,83,78,-17,3.02,0.16,18.4,,,
"Dec 15, 2021 01:43:12 PM","Avenge Pro Composite BBCOR",Right,"Front Toss Overhand",68,38,58,66.5,16.3,85,12,61,78,-27,3.95,0.14,22.3,,,
"Dec 15, 2021 01:43:06 PM","Avenge Pro Composite BBCOR",Right,"Front Toss Overhand",73,38,52,64.4,13.6,90,5,58,80,-33,3.45,0.15,21.9,,,
"Dec 15, 2021 01:43:00 PM","Avenge Pro Composite BBCOR",Right,"Front Toss Overhand",74,41,56,64.1,15.3,91,6,63,81,-31,3.66,0.14,20.4,,,
"Dec 15, 2021 01:42:55 PM","Avenge Pro Composite BBCOR",Right,"Front Toss Overhand",73,38,50,64.6,12.8,89,-3,58,80,-39,3.62,0.14,22,,,
"Dec 15, 2021 01:39:12 PM","Avenge Pro Composite BBCOR",Right,"General Practice",56,47,59,63.5,16.6,73,9,69,83,-30,3.26,0.15,21,,,
"Dec 15, 2021 01:39:05 PM","Avenge Pro Composite BBCOR",Right,"General Practice",66,42,61,68.1,17.3,83,7,63,81,-33,4.15,0.14,22.9,,,
"Dec 15, 2021 01:38:58 PM","Avenge Pro Composite BBCOR",Right,"General Practice",60,40,56,66.4,15.3,77,12,63,79,-26,3.62,0.15,21.8,,,
"Dec 15, 2021 01:38:53 PM","Avenge Pro Composite BBCOR",Right,"General Practice",55,52,58,61.1,16.1,72,9,74,83,-29,2.84,0.16,19.7,,,
"Dec 15, 2021 01:38:44 PM","Avenge Pro Composite BBCOR",Right,"General Practice",54,42,59,64.7,16.4,70,14,65,79,-30,3.31,0.16,21.5,,,
"Dec 15, 2021 01:38:39 PM","Avenge Pro Composite BBCOR",Right,"General Practice",70,45,59,68,16.4,87,8,66,83,-27,4.01,0.14,21.9,,,
"Dec 15, 2021 01:38:34 PM","Avenge Pro Composite BBCOR",Right,"General Practice",54,40,65,62.3,19,71,14,64,79,-27,3.07,0.16,20.4,,,
"Dec 15, 2021 01:38:29 PM","Avenge Pro Composite BBCOR",Right,"General Practice",52,44,65,63.1,19,68,12,70,79,-32,3.03,0.16,20.6,,,
"Dec 15, 2021 01:38:21 PM","Avenge Pro Composite BBCOR",Right,"General Practice",67,46,62,63.9,17.8,84,7,67,84,-32,3.81,0.13,21.3,,,
"Dec 15, 2021 01:33:52 PM","Avenge Pro Composite BBCOR",Right,"Front Toss Underhand",64,50,61,60.1,17.4,81,6,68,87,-31,3.23,0.14,20.3,,,
"Dec 15, 2021 01:33:46 PM","Avenge Pro Composite BBCOR",Right,"Front Toss Underhand",53,55,61,59.6,17.6,69,8,75,86,-33,2.73,0.16,20,,,
"Dec 15, 2021 01:33:35 PM","Avenge Pro Composite BBCOR",Right,"Front Toss Underhand",59,44,61,61.8,17.6,76,11,62,86,-34,3.02,0.16,20.9,,,
"Dec 15, 2021 01:33:28 PM","Avenge Pro Composite BBCOR",Right,"Front Toss Underhand",59,53,58,63.2,16.3,76,5,72,87,-32,3.28,0.15,21.3,,,
"Dec 15, 2021 01:33:22 PM","Avenge Pro Composite BBCOR",Right,"Front Toss Underhand",64,46,49,62.4,12.4,81,6,67,83,-33,3.08,0.16,20.8,,,
"Dec 15, 2021 01:33:16 PM","Avenge Pro Composite BBCOR",Right,"Front Toss Underhand",69,42,62,66.4,17.8,86,9,63,82,-31,4.11,0.13,22.1,,,
"Dec 15, 2021 01:33:10 PM","Avenge Pro Composite BBCOR",Right,"Front Toss Underhand",61,49,59,62.1,16.5,78,7,69,86,-30,3.12,0.15,21,,,
"Dec 15, 2021 01:33:06 PM","Avenge Pro Composite BBCOR",Right,"Front Toss Underhand",67,42,61,66.5,17.6,84,9,59,86,-39,3.94,0.14,23,,,
"Dec 09, 2021 09:04:29 PM","Avenge Pro Composite BBCOR",Right,"Pitching Machine",72,43,61,66,17.5,89,-5,68,78,-31,4.07,0.13,21.9,,,
"Dec 09, 2021 09:04:21 PM","Avenge Pro Composite BBCOR",Right,"Pitching Machine",69,41,54,67.5,14.7,86,6,65,78,-33,3.9,0.14,22.1,,,
"Dec 09, 2021 09:04:08 PM","Avenge Pro Composite BBCOR",Right,"Pitching Machine",73,45,58,66.7,16.1,90,-1,69,80,-33,3.98,0.14,21.4,,,
"Dec 09, 2021 09:03:59 PM","Avenge Pro Composite BBCOR",Right,"Pitching Machine",72,39,55,66.1,15,89,-4,62,78,-31,3.9,0.14,22,,,
"Dec 09, 2021 09:03:50 PM","Avenge Pro Composite BBCOR",Right,"Pitching Machine",71,44,61,66.2,17.6,88,-10,69,80,-33,4.36,0.12,21.7,,,
"Dec 09, 2021 08:56:59 PM","Avenge Pro Composite BBCOR",Right,"Pitching Machine",71,46,58,63.2,16,88,-5,73,78,-28,3.67,0.13,20.4,,,
"Dec 09, 2021 08:56:53 PM","Avenge Pro Composite BBCOR",Right,"Pitching Machine",66,48,62,65.5,18,83,5,73,81,-26,3.83,0.14,21.5,,,
"Dec 09, 2021 08:56:38 PM","Avenge Pro Composite BBCOR",Right,"Pitching Machine",62,47,63,65.1,18.2,79,7,72,79,-30,3.57,0.15,21,,,
"Dec 09, 2021 08:56:17 PM","Avenge Pro Composite BBCOR",Right,"Pitching Machine",62,45,57,67.6,15.8,79,2,72,78,-34,3.85,0.15,21,,,
"Dec 09, 2021 08:55:57 PM","Avenge Pro Composite BBCOR",Right,"Pitching Machine",72,43,59,65.9,16.7,89,-1,64,82,-35,4,0.13,21.5,,,
"Dec 09, 2021 08:55:50 PM","Avenge Pro Composite BBCOR",Right,"Pitching Machine",66,39,62,65.6,18,83,4,59,81,-32,4.28,0.12,22,,,
"Dec 09, 2021 08:49:03 PM","Avenge Pro Composite BBCOR",Right,"Pitching Machine",62,41,64,65.8,18.6,79,13,65,78,-29,3.65,0.15,22.3,,,
"Dec 09, 2021 08:48:57 PM","Avenge Pro Composite BBCOR",Right,"Pitching Machine",72,43,60,66.7,16.8,89,9,66,81,-25,4.03,0.14,22.2,,,
"Dec 09, 2021 08:48:50 PM","Avenge Pro Composite BBCOR",Right,"Pitching Machine",76,30,50,65.2,12.8,93,3,46,78,-36,3.45,0.15,23.2,,,
"Dec 09, 2021 08:48:45 PM","Avenge Pro Composite BBCOR",Right,"Pitching Machine",59,45,70,64.6,21.2,76,13,69,80,-25,3.52,0.15,21.7,,,
"Dec 09, 2021 08:48:36 PM","Avenge Pro Composite BBCOR",Right,"Pitching Machine",76,39,57,64.8,15.7,92,5,59,81,-31,3.81,0.14,22.3,,,
"Dec 09, 2021 08:48:26 PM","Avenge Pro Composite BBCOR",Right,"Pitching Machine",69,39,62,66.8,17.9,86,11,63,77,-30,3.93,0.14,22.7,,,
"Dec 09, 2021 08:48:20 PM","Avenge Pro Composite BBCOR",Right,"Pitching Machine",73,39,58,67.6,16.3,90,9,59,82,-27,4.54,0.12,22.9,,,
"Dec 09, 2021 08:47:52 PM","Avenge Pro Composite BBCOR",Right,"Pitching Machine",76,38,59,67,16.5,93,3,58,81,-30,4.39,0.13,22.5,,,
"Dec 09, 2021 08:47:46 PM","Avenge Pro Composite BBCOR",Right,"Pitching Machine",72,36,56,64,15.3,89,13,53,82,-25,3.83,0.13,21.7,,,
"Dec 09, 2021 08:43:48 PM","Avenge Pro Composite BBCOR",Right,"Front Toss Overhand",71,36,52,66,13.7,88,3,56,80,-35,3.83,0.14,23.1,,,
"Dec 09, 2021 08:43:44 PM","Avenge Pro Composite BBCOR",Right,"Front Toss Overhand",57,49,62,64.6,17.8,74,10,73,80,-21,3.34,0.15,20.7,,,
"Dec 09, 2021 08:43:39 PM","Avenge Pro Composite BBCOR",Right,"Front Toss Overhand",53,39,59,64.2,16.7,70,14,66,74,-25,3.21,0.16,21.7,,,
"Dec 09, 2021 08:43:30 PM","Avenge Pro Composite BBCOR",Right,"Front Toss Overhand",51,40,60,63.9,17.1,68,12,66,76,-27,3.22,0.16,21.2,,,
"Dec 09, 2021 08:43:24 PM","Avenge Pro Composite BBCOR",Right,"Front Toss Overhand",69,40,61,68,17.5,86,8,62,80,-30,4.26,0.13,22.8,,,
"Dec 09, 2021 08:43:19 PM","Avenge Pro Composite BBCOR",Right,"Front Toss Overhand",73,37,57,65.4,15.6,90,3,58,80,-33,4,0.13,22.1,,,
"Dec 09, 2021 08:43:10 PM","Avenge Pro Composite BBCOR",Right,"Front Toss Overhand",60,48,54,65.9,14.7,77,10,70,83,-23,3.39,0.16,21.5,,,
"Dec 09, 2021 08:39:47 PM","Avenge Pro Composite BBCOR",Right,"Front Toss Overhand",55,52,59,64.7,16.6,72,12,76,81,-18,3.18,0.16,20.5,,,
"Dec 09, 2021 08:39:39 PM","Avenge Pro Composite BBCOR",Right,"Front Toss Overhand",64,43,60,65.5,17,81,8,64,82,-29,3.57,0.15,22.3,,,
"Dec 09, 2021 08:39:33 PM","Avenge Pro Composite BBCOR",Right,"Front Toss Overhand",68,40,55,65.3,15.1,85,3,62,80,-33,3.8,0.14,22.4,,,
"Dec 09, 2021 08:39:28 PM","Avenge Pro Composite BBCOR",Right,"Front Toss Overhand",70,41,62,65.6,18,87,-1,62,82,-35,4.27,0.12,22.5,,,
"Dec 09, 2021 08:39:22 PM","Avenge Pro Composite BBCOR",Right,"Front Toss Overhand",63,50,53,66.2,14.1,80,10,74,82,-25,3.3,0.16,20.7,,,
"Dec 09, 2021 08:39:16 PM","Avenge Pro Composite BBCOR",Right,"Front Toss Overhand",64,42,66,67.3,19.3,81,11,65,81,-24,3.93,0.14,22.3,,,
"Dec 09, 2021 08:39:12 PM","Avenge Pro Composite BBCOR",Right,"Front Toss Overhand",65,43,66,65.6,19.4,82,8,65,82,-27,3.96,0.13,21.9,,,
"Dec 09, 2021 08:39:08 PM","Avenge Pro Composite BBCOR",Right,"Front Toss Overhand",55,58,66,59.9,19.4,72,8,81,83,-29,2.91,0.15,18.8,,,
"Dec 09, 2021 08:38:26 PM","Avenge Pro Composite BBCOR",Right,"Front Toss Overhand",69,46,66,70.3,19.5,86,3,67,83,-33,4.68,0.13,22.6,,,
"Dec 09, 2021 08:38:18 PM","Avenge Pro Composite BBCOR",Right,"Front Toss Overhand",59,57,63,58.9,18.4,75,9,77,85,-23,2.89,0.15,18.9,,,
"Dec 09, 2021 08:38:13 PM","Avenge Pro Composite BBCOR",Right,"Front Toss Overhand",68,47,67,68.4,19.7,85,4,68,84,-35,4.24,0.14,22.5,,,
"Dec 09, 2021 08:29:29 PM","Avenge Pro Composite BBCOR",Right,"Front Toss Overhand",64,39,56,66.7,15.3,81,10,58,83,-28,3.61,0.15,23.3,,,
"Dec 09, 2021 08:29:23 PM","Avenge Pro Composite BBCOR",Right,"Front Toss Overhand",52,48,58,60.7,16,69,8,70,84,-28,2.73,0.17,21.1,,,
"Dec 09, 2021 08:29:18 PM","Avenge Pro Composite BBCOR",Right,"Front Toss Overhand",60,38,51,64,13.2,77,10,58,81,-35,3.19,0.16,22.7,,,
"Dec 09, 2021 08:29:11 PM","Avenge Pro Composite BBCOR",Right,"Front Toss Overhand",59,46,54,61.7,14.4,76,12,69,82,-23,2.86,0.16,20.9,,,
"Dec 09, 2021 08:29:02 PM","Avenge Pro Composite BBCOR",Right,"Front Toss Overhand",73,36,54,65.5,14.5,90,8,55,80,-31,3.67,0.14,22.6,,,
"Dec 09, 2021 08:28:50 PM","Avenge Pro Composite BBCOR",Right,"Front Toss Overhand",73,41,55,67,15.1,90,6,59,84,-27,3.89,0.14,22.4,,,
"Dec 09, 2021 08:28:43 PM","Avenge Pro Composite BBCOR",Right,"Front Toss Overhand",57,38,54,63.4,14.7,74,7,56,83,-37,3.35,0.15,23.1,,,
"Dec 09, 2021 08:28:32 PM","Avenge Pro Composite BBCOR",Right,"Front Toss Overhand",64,35,48,64.1,12.3,81,14,54,79,-29,3.12,0.16,22.4,,,
"Sep 21, 2021 04:42:18 PM",Meta,Right,"General Practice",62,39,60,70.3,16.9,79,18,65,76,-20,4.54,0.13,21.4,,,
"Sep 21, 2021 04:42:09 PM",Meta,Right,"General Practice",62,44,62,68.4,17.7,79,17,70,78,-17,4.24,0.14,20.9,,,
"Sep 21, 2021 04:42:03 PM",Meta,Right,"General Practice",72,34,61,68,17.4,89,8,58,74,-29,4.67,0.12,21.6,,,
"Sep 21, 2021 04:41:53 PM",Meta,Right,"General Practice",59,45,68,68.9,20.3,76,11,68,82,-28,4.57,0.13,21.1,,,
"Sep 21, 2021 04:41:49 PM",Meta,Right,"General Practice",65,45,70,69,20.9,82,4,68,81,-32,4.89,0.12,21.3,,,
"Sep 21, 2021 04:41:45 PM",Meta,Right,"General Practice",57,46,71,69.9,21.4,74,10,69,82,-28,4.79,0.13,22,,,
"Sep 21, 2021 04:41:35 PM",Meta,Right,"General Practice",66,34,57,72.3,15.7,83,15,57,75,-22,4.74,0.14,22.5,,,
"Sep 21, 2021 04:41:30 PM",Meta,Right,"General Practice",55,47,66,68.2,19.6,72,13,72,80,-22,4.47,0.13,20.1,,,
"Sep 21, 2021 04:38:35 PM",Meta,Right,"General Practice",46,49,53,70.1,14.2,62,9,79,75,-19,4.09,0.15,21,,,
"Sep 21, 2021 04:38:30 PM",Meta,Right,"General Practice",42,51,50,70,13.1,58,9,81,75,-22,4.08,0.15,20.8,,,
"Sep 21, 2021 04:38:24 PM",Meta,Right,"General Practice",43,52,52,68.7,13.8,59,10,81,76,-20,3.88,0.15,20.1,,,
"Sep 21, 2021 04:38:16 PM",Meta,Right,"General Practice",52,47,56,67.8,15.5,68,9,73,79,-24,3.93,0.14,20.2,,,
"Sep 21, 2021 04:38:10 PM",Meta,Right,"General Practice",45,49,51,67.2,13.2,62,10,77,77,-23,3.76,0.15,20.3,,,
"Sep 21, 2021 04:37:59 PM",Meta,Right,"General Practice",50,53,54,66.5,14.7,66,9,79,80,-24,3.73,0.15,20.3,,,
"Sep 21, 2021 04:36:21 PM",Meta,Right,"General Practice",46,56,41,67.2,9.4,63,5,85,76,-29,3.48,0.16,20.1,,,
"Sep 21, 2021 04:36:15 PM",Meta,Right,"General Practice",46,49,44,67.7,10.4,63,10,78,76,-24,3.57,0.16,20.8,,,
"Sep 21, 2021 04:36:05 PM",Meta,Right,"General Practice",52,43,43,66,10.1,69,12,72,75,-25,3.39,0.16,20.6,,,
"Sep 21, 2021 04:35:59 PM",Meta,Right,"General Practice",55,52,46,65.6,11.3,72,5,79,78,-29,3.48,0.15,20.1,,,
"Sep 21, 2021 04:35:53 PM",Meta,Right,"General Practice",47,48,42,66,9.7,64,3,77,76,-29,3.4,0.16,20.3,,,
"Sep 21, 2021 04:35:46 PM",Meta,Right,"General Practice",57,49,49,65,12.6,74,4,75,79,-29,3.52,0.15,20,,,
"Sep 21, 2021 04:35:39 PM",Meta,Right,"General Practice",56,45,47,65.5,11.7,73,7,72,78,-29,3.48,0.15,20.4,,,
"Sep 21, 2021 04:35:33 PM",Meta,Right,"General Practice",57,44,45,64.8,10.9,74,6,70,78,-29,3.45,0.15,20.2,,,
"Sep 20, 2021 05:15:14 PM",Meta,Right,"General Practice",55,50,64,65.6,18.8,72,9,74,81,-28,4.08,0.13,20.6,,,
"Sep 20, 2021 05:15:09 PM",Meta,Right,"General Practice",69,36,63,68.9,18.1,86,9,59,77,-32,4.43,0.13,22.6,,,
"Sep 20, 2021 05:15:04 PM",Meta,Right,"General Practice",62,50,62,64.2,17.9,79,5,75,80,-28,3.79,0.13,19.4,,,
"Sep 20, 2021 05:14:58 PM",Meta,Right,"General Practice",74,36,64,67.5,18.8,91,6,58,77,-30,4.39,0.13,22.2,,,
"Sep 20, 2021 05:14:53 PM",Meta,Right,"General Practice",65,38,56,64.6,15.3,82,11,63,77,-25,3.62,0.14,21.7,,,
"Sep 20, 2021 05:14:49 PM",Meta,Right,"General Practice",65,41,59,66.8,16.6,82,12,64,79,-26,3.93,0.14,21,,,
"Sep 20, 2021 05:14:44 PM",Meta,Right,"General Practice",60,46,57,67.5,16,76,12,74,77,-20,3.65,0.15,20.7,,,
"Sep 20, 2021 05:14:34 PM",Meta,Right,"General Practice",67,38,52,64.9,13.7,84,22,65,73,-18,3.28,0.16,20.5,,,
"Sep 20, 2021 05:14:29 PM",Meta,Right,"General Practice",59,44,59,65.6,16.5,76,15,67,82,-17,3.78,0.14,20.6,,,
"Sep 20, 2021 05:08:41 PM",Meta,Right,"General Practice",72,40,65,68.6,19.1,89,6,65,78,-29,4.75,0.12,21.7,,,
"Sep 20, 2021 05:08:33 PM",Meta,Right,"General Practice",41,68,64,65.7,18.6,58,10,87,82,-20,3.64,0.15,19.5,,,
"Sep 20, 2021 05:08:28 PM",Meta,Right,"General Practice",64,39,60,69.6,16.8,80,14,66,74,-22,4.2,0.14,22,,,
"Sep 20, 2021 05:08:24 PM",Meta,Right,"General Practice",66,48,69,69.5,20.5,82,9,74,80,-24,4.65,0.13,21.7,,,
"Sep 20, 2021 05:08:19 PM",Meta,Right,"General Practice",67,46,67,67.4,20,84,9,70,81,-22,4.38,0.13,21.4,,,
"Sep 20, 2021 05:08:15 PM",Meta,Right,"General Practice",44,73,64,62.8,18.6,61,12,89,84,-17,3.28,0.15,18.4,,,
"Sep 20, 2021 05:08:09 PM",Meta,Right,"General Practice",53,59,64,66.7,18.8,69,10,82,82,-19,3.81,0.14,20,,,
"Sep 20, 2021 05:08:04 PM",Meta,Right,"General Practice",71,44,69,70,20.5,87,12,70,78,-21,4.72,0.13,21.7,,,
"Sep 20, 2021 05:07:52 PM",Meta,Right,"General Practice",58,46,67,69.3,19.8,75,12,74,77,-21,4.49,0.13,21.1,,,
"Sep 20, 2021 04:59:24 PM",Meta,Right,"General Practice",71,46,71,67.1,21.5,88,-1,70,80,-31,4.87,0.11,21.5,,,
"Sep 20, 2021 04:59:18 PM",Meta,Right,"General Practice",55,73,64,59.6,18.6,71,8,89,84,-20,3.27,0.13,17.2,,,
"Sep 20, 2021 04:59:12 PM",Meta,Right,"General Practice",44,66,62,62,17.9,60,11,92,81,-20,3.24,0.15,17.8,,,
"Sep 20, 2021 04:58:55 PM",Meta,Right,"General Practice",56,59,62,64,17.9,73,9,82,82,-21,3.61,0.14,18.9,,,
"Sep 20, 2021 04:58:51 PM",Meta,Right,"General Practice",71,45,66,69.7,19.3,88,9,70,79,-22,4.68,0.13,21.8,,,
"Sep 20, 2021 04:58:44 PM",Meta,Right,"General Practice",52,69,71,65.4,21.5,69,7,86,84,-22,4.12,0.13,19.6,,,
"Sep 20, 2021 04:58:40 PM",Meta,Right,"General Practice",57,51,78,66.5,24.4,74,5,73,83,-29,4.54,0.12,21.6,,,
"Sep 20, 2021 04:50:47 PM",Meta,Right,"General Practice",53,56,66,64.9,19.4,70,11,83,79,-19,3.61,0.14,18.8,,,
"Sep 20, 2021 04:50:42 PM",Meta,Right,"General Practice",56,55,59,65.7,16.5,73,11,81,79,-20,3.45,0.15,20,,,
"Sep 20, 2021 04:50:37 PM",Meta,Right,"General Practice",58,50,67,65.6,20,75,6,73,83,-31,4.08,0.13,20.3,,,
"Sep 20, 2021 04:50:31 PM",Meta,Right,"General Practice",56,60,66,65,19.3,72,9,83,82,-15,3.67,0.14,19.5,,,
"Sep 20, 2021 04:50:21 PM",Meta,Right,"General Practice",68,35,71,71.2,21.6,85,7,59,75,-32,4.81,0.13,23.4,,,
"Sep 20, 2021 04:50:16 PM",Meta,Right,"General Practice",57,53,70,65.6,21.1,73,11,78,81,-20,4.02,0.13,19.5,,,
"Sep 20, 2021 04:50:10 PM",Meta,Right,"General Practice",51,54,67,52,19.8,68,12,81,78,-22,2.32,0.14,19.8,,,
"Sep 20, 2021 04:50:05 PM",Meta,Right,"General Practice",58,53,56,65.7,15.5,75,13,80,79,-19,3.45,0.15,19.9,,,
"Sep 20, 2021 04:49:59 PM",Meta,Right,"General Practice",45,65,70,62.4,21.2,61,11,87,81,-19,3.43,0.14,18,,,
"Sep 20, 2021 04:43:40 PM",Meta,Right,"General Practice",56,60,67,66,20,73,10,81,84,-20,4.01,0.13,20.4,,,
"Sep 20, 2021 04:43:36 PM",Meta,Right,"General Practice",71,44,69,67.6,20.8,87,4,67,82,-29,4.86,0.12,21.3,,,
"Sep 20, 2021 04:43:30 PM",Meta,Right,"General Practice",69,50,62,66.6,17.7,86,7,73,82,-23,4.21,0.13,20.8,,,
"Sep 20, 2021 04:43:25 PM",Meta,Right,"General Practice",57,58,69,63.9,20.7,74,12,81,82,-15,3.75,0.13,18.8,,,
"Sep 20, 2021 04:43:16 PM",Meta,Right,"General Practice",63,54,75,63.2,23.3,79,8,76,84,-22,4.24,0.12,19.5,,,
"Sep 20, 2021 04:42:58 PM",Meta,Right,"General Practice",56,56,63,63.1,18.3,73,14,82,80,-19,3.66,0.13,18.2,,,
"Sep 20, 2021 04:42:52 PM",Meta,Right,"General Practice",52,71,67,62.8,19.9,69,10,85,86,-24,3.52,0.14,18.7,,,
"Sep 20, 2021 04:42:47 PM",Meta,Right,"General Practice",69,47,69,68.9,20.6,86,6,70,81,-25,4.72,0.12,21.9,,,
"Sep 20, 2021 04:42:38 PM",Meta,Right,"General Practice",64,52,73,62.5,22.5,81,8,75,82,-18,4.02,0.12,19,,,
"Sep 20, 2021 04:42:34 PM",Meta,Right,"General Practice",65,40,72,67.3,21.9,82,0,59,82,-37,4.73,0.12,23.1,,,
"Sep 20, 2021 04:35:29 PM",Meta,Right,"General Practice",47,54,55,67.7,15.1,63,6,81,79,-22,3.87,0.15,20.4,,,
"Sep 20, 2021 04:35:17 PM",Meta,Right,"General Practice",47,51,54,67.2,14.4,63,6,80,77,-22,3.86,0.14,20.3,,,
"Sep 20, 2021 04:35:05 PM",Meta,Right,"General Practice",49,53,55,67.5,14.9,66,7,80,79,-23,3.85,0.15,20.1,,,
"Sep 20, 2021 04:34:55 PM",Meta,Right,"General Practice",51,57,58,68.9,16.1,67,6,82,80,-23,4.12,0.14,20.2,,,
"Sep 20, 2021 04:34:43 PM",Meta,Right,"General Practice",52,51,55,67,15,68,6,78,78,-22,3.79,0.15,20.3,,,
"Sep 20, 2021 04:34:05 PM",Meta,Right,"General Practice",45,55,52,65.8,13.9,62,8,81,80,-25,3.6,0.15,20.1,,,
"Sep 20, 2021 04:33:34 PM",Meta,Right,"General Practice",54,52,53,67,14.2,71,8,78,80,-24,3.79,0.15,20.5,,,
"Sep 20, 2021 04:33:13 PM",Meta,Right,"General Practice",46,53,49,67,12.3,62,5,81,78,-26,3.64,0.15,20.1,,,
"Sep 20, 2021 04:32:36 PM",Meta,Right,"General Practice",51,50,56,64.6,15.4,67,6,75,81,-27,3.67,0.14,19.9,,,
"Sep 20, 2021 04:32:21 PM",Meta,Right,"General Practice",48,56,54,66.1,14.7,65,6,81,81,-24,3.79,0.14,19.9,,,
"Sep 20, 2021 04:32:05 PM",Meta,Right,"General Practice",44,53,55,65.2,14.9,61,7,80,79,-28,3.49,0.15,19.9,,,
"Sep 20, 2021 04:31:44 PM",Meta,Right,"General Practice",48,50,53,64.3,14.2,65,13,78,78,-25,3.44,0.15,19.9,,,
"Sep 20, 2021 04:31:28 PM",Meta,Right,"General Practice",59,46,54,64.1,14.7,76,3,70,80,-27,3.61,0.14,20.2,,,
"Sep 20, 2021 04:31:14 PM",Meta,Right,"General Practice",52,50,48,64.6,12.1,68,4,76,80,-29,3.38,0.15,20.3,,,
"Jan 14, 2021 12:49:16 PM","Pro Reserve Series JC24",Right,"General Practice",48,66,49,63.6,12.6,65,7,83,86,-24,3.21,0.16,19.3,,,
"Jan 14, 2021 12:49:03 PM","Pro Reserve Series JC24",Right,"General Practice",49,54,45,64,10.6,66,10,79,80,-25,3.05,0.17,19.5,,,
"Jan 14, 2021 12:48:48 PM","Pro Reserve Series JC24",Right,"General Practice",49,60,45,62.1,10.9,66,9,78,86,-27,2.95,0.16,19.2,,,
"Jan 14, 2021 12:48:27 PM","Pro Reserve Series JC24",Right,"General Practice",40,63,44,62.6,10.6,56,8,84,83,-24,2.86,0.17,19,,,
"Jan 14, 2021 12:48:09 PM","Pro Reserve Series JC24",Right,"General Practice",47,60,48,63.8,12.2,64,8,81,83,-23,3.11,0.16,19.6,,,
"Jan 14, 2021 12:47:49 PM","Pro Reserve Series JC24",Right,"General Practice",51,53,45,64,10.8,68,6,77,81,-24,3.06,0.17,19.8,,,
"Jan 14, 2021 12:47:39 PM","Pro Reserve Series JC24",Right,"General Practice",43,58,42,65.3,9.8,59,9,82,81,-21,3.15,0.17,19.6,,,
"Jan 14, 2021 12:47:25 PM","Pro Reserve Series JC24",Right,"General Practice",43,56,40,63.6,8.8,60,9,79,82,-24,2.91,0.17,19.8,,,
"Jan 14, 2021 12:47:13 PM","Pro Reserve Series JC24",Right,"General Practice",47,65,45,63.8,10.8,63,8,84,84,-24,3.11,0.16,19.3,,,
"Jan 14, 2021 12:47:02 PM","Pro Reserve Series JC24",Right,"General Practice",52,59,40,62,8.7,69,5,80,84,-26,2.91,0.17,19.6,,,
"Jan 14, 2021 12:46:45 PM","Pro Reserve Series JC24",Right,"General Practice",51,55,45,61.6,10.7,67,6,77,83,-26,2.87,0.17,19.3,,,
"Jan 14, 2021 12:46:26 PM","Pro Reserve Series JC24",Right,"General Practice",47,65,43,61.9,10,64,5,84,83,-24,2.86,0.17,18.9,,,
"Jan 14, 2021 12:46:14 PM","Pro Reserve Series JC24",Right,"General Practice",48,61,42,62.7,9.5,65,5,82,83,-26,2.9,0.17,19.4,,,
"Jan 14, 2021 12:45:37 PM","Pro Reserve Series JC24",Right,"General Practice",52,62,46,61.4,11.4,69,4,81,85,-27,2.88,0.16,18.7,,,
"Jan 13, 2021 12:59:19 PM","Pro Reserve Series JC24",Right,Tee,43,64,46,64.4,11.3,60,8,84,84,-23,3.33,0.16,19,,,
"Jan 13, 2021 12:59:06 PM","Pro Reserve Series JC24",Right,Tee,44,56,52,65.4,13.7,60,10,80,82,-20,3.53,0.15,19.7,,,
"Jan 13, 2021 12:58:55 PM","Pro Reserve Series JC24",Right,Tee,43,75,44,66.7,10.4,59,9,86,87,-22,3.62,0.15,19.3,,,
"Jan 13, 2021 12:58:43 PM","Pro Reserve Series JC24",Right,Tee,48,64,50,63.6,12.7,65,7,80,88,-23,3.34,0.15,20.1,,,
"Jan 13, 2021 12:58:26 PM","Pro Reserve Series JC24",Right,Tee,44,69,46,63.9,11.2,60,8,84,86,-24,3.28,0.16,19.2,,,
"Jan 13, 2021 12:58:14 PM","Pro Reserve Series JC24",Right,Tee,41,67,45,63.9,10.7,58,10,84,85,-23,3.08,0.17,18.9,,,
"Jan 13, 2021 12:58:03 PM","Pro Reserve Series JC24",Right,Tee,42,65,47,64.5,11.7,59,7,83,85,-21,3.26,0.16,19.5,,,
"Jan 13, 2021 12:57:46 PM","Pro Reserve Series JC24",Right,Tee,50,56,49,62.3,12.5,66,10,74,88,-24,3.12,0.16,19.7,,,
"Jan 13, 2021 12:57:32 PM","Pro Reserve Series JC24",Right,Tee,46,63,46,63.9,11,62,8,81,86,-22,3.33,0.15,19.2,,,
"Jan 13, 2021 12:57:15 PM","Pro Reserve Series JC24",Right,Tee,49,52,43,62.2,10.1,65,8,73,84,-25,2.96,0.16,19.9,,,
"Jan 13, 2021 12:57:02 PM","Pro Reserve Series JC24",Right,Tee,49,52,43,63.6,10,65,9,76,82,-20,3.02,0.17,20.2,,,
"Jan 13, 2021 12:56:48 PM","Pro Reserve Series JC24",Right,Tee,49,52,46,62.9,11,65,8,76,81,-24,2.99,0.17,20,,,
"Jan 13, 2021 12:56:22 PM","Pro Reserve Series JC24",Right,Tee,45,52,43,61.8,9.9,62,7,74,84,-27,2.81,0.17,19.9,,,
"Jan 13, 2021 12:56:04 PM","Pro Reserve Series JC24",Right,Tee,48,56,46,60.6,11.1,65,10,74,87,-23,2.71,0.17,19.3,,,
"Jan 13, 2021 12:55:51 PM","Pro Reserve Series JC24",Right,Tee,34,72,34,62.1,6.3,51,7,93,84,-22,2.69,0.18,19.2,,,
"Jan 13, 2021 12:55:23 PM","Pro Reserve Series JC24",Right,Tee,34,70,37,64.7,7.5,50,10,86,85,-20,3.13,0.17,19.7,,,
"Jan 13, 2021 12:55:12 PM","Pro Reserve Series JC24",Right,Tee,34,69,40,63.7,8.6,51,9,85,85,-22,3.03,0.17,19.9,,,
"Jan 13, 2021 12:54:55 PM","Pro Reserve Series JC24",Right,Tee,47,56,52,63,13.7,64,13,77,85,-19,3.19,0.16,18.9,,,
"Jan 13, 2021 12:54:42 PM","Pro Reserve Series JC24",Right,Tee,38,59,49,60.1,12.7,54,13,80,85,-22,2.69,0.17,18.1,,,
"Jan 13, 2021 12:54:27 PM","Pro Reserve Series JC24",Right,Tee,44,55,49,61.8,12.3,61,11,76,85,-22,2.95,0.16,18.8,,,
"Jan 13, 2021 12:54:13 PM","Pro Reserve Series JC24",Right,Tee,48,57,47,62.5,11.7,65,10,78,85,-20,3.14,0.16,18.8,,,
"Jan 13, 2021 12:53:55 PM","Pro Reserve Series JC24",Right,Tee,53,46,42,62,9.7,70,7,69,81,-24,2.77,0.17,20.1,,,
"Jan 13, 2021 12:53:25 PM","Pro Reserve Series JC24",Right,Tee,39,66,36,63.9,7.1,56,6,88,81,-23,2.95,0.17,20,,,
"Jan 13, 2021 12:53:16 PM","Pro Reserve Series JC24",Right,Tee,38,59,44,63.9,10.5,55,9,80,83,-22,3.05,0.17,19.3,,,
"Jan 13, 2021 12:53:02 PM","Pro Reserve Series JC24",Right,Tee,39,71,45,62.4,10.7,56,7,84,87,-22,2.94,0.17,18.9,,,
"Jan 13, 2021 12:52:45 PM","Pro Reserve Series JC24",Right,Tee,38,57,46,63.1,11.2,55,13,76,86,-21,3.12,0.16,19,,,
"Jan 13, 2021 12:52:34 PM","Pro Reserve Series JC24",Right,Tee,46,61,49,60.9,12.4,63,9,78,89,-25,2.94,0.16,18.4,,,
"Jan 13, 2021 12:52:04 PM","Pro Reserve Series JC24",Right,Tee,39,58,41,62.3,9.3,56,9,80,83,-24,2.89,0.17,19.5,,,
"Jan 13, 2021 12:51:51 PM","Pro Reserve Series JC24",Right,Tee,47,56,44,64.4,10.5,63,8,78,84,-22,3.25,0.16,19.8,,,
"Jan 13, 2021 12:51:40 PM","Pro Reserve Series JC24",Right,Tee,47,60,47,63.1,11.4,64,7,79,86,-24,3.11,0.16,19.6,,,
"Jan 13, 2021 12:50:50 PM","Pro Reserve Series JC24",Right,Tee,43,56,49,61,12.5,59,8,74,87,-25,2.74,0.17,19.5,,,
"Jan 13, 2021 12:50:36 PM","Pro Reserve Series JC24",Right,Tee,44,52,41,62.6,9.2,61,7,78,80,-25,2.93,0.17,19.2,,,
"Jan 13, 2021 12:50:13 PM","Pro Reserve Series JC24",Right,Tee,33,61,33,65.3,6,49,10,94,79,-22,3.07,0.17,19,,,
"Jan 13, 2021 12:50:02 PM","Pro Reserve Series JC24",Right,Tee,44,54,44,65.4,10.6,61,10,79,81,-20,3.44,0.16,19,,,
"Jan 13, 2021 12:49:46 PM","Pro Reserve Series JC24",Right,Tee,43,55,43,63.9,10,59,9,77,83,-24,3.2,0.16,19.5,,,
"Jan 13, 2021 12:49:35 PM","Pro Reserve Series JC24",Right,Tee,42,71,42,64.4,9.7,58,6,89,83,-25,3.17,0.16,19.2,,,
"Jan 13, 2021 12:49:23 PM","Pro Reserve Series JC24",Right,Tee,41,67,41,63,9.3,58,6,86,83,-25,2.93,0.17,19.2,,,
"Jan 13, 2021 12:49:07 PM","Pro Reserve Series JC24",Right,Tee,49,49,45,63.7,10.9,66,10,72,82,-24,3.22,0.16,19.8,,,
"Jan 13, 2021 12:48:54 PM","Pro Reserve Series JC24",Right,Tee,45,65,44,64.7,10.5,62,9,83,85,-22,3.4,0.15,19.1,,,
"Jan 13, 2021 12:48:30 PM","Pro Reserve Series JC24",Right,Tee,39,60,42,62.6,9.6,56,10,80,85,-25,2.89,0.17,19.4,,,
"Jan 13, 2021 12:48:12 PM","Pro Reserve Series JC24",Right,Tee,45,55,41,65.1,9.1,62,9,81,79,-23,3.24,0.16,19.4,,,
"Jan 13, 2021 12:47:24 PM","Pro Reserve Series JC24",Right,Tee,41,62,40,64.2,9,58,11,84,82,-22,3.07,0.17,19.2,,,
"Jan 13, 2021 12:47:11 PM","Pro Reserve Series JC24",Right,Tee,48,50,44,64.5,10.3,65,9,75,80,-23,3.3,0.16,19.5,,,
"Jan 13, 2021 12:46:58 PM","Pro Reserve Series JC24",Right,Tee,30,61,33,64.5,5.7,47,9,94,79,-25,2.9,0.18,18.7,,,
"Jan 13, 2021 12:46:48 PM","Pro Reserve Series JC24",Right,Tee,47,48,44,64.7,10.5,63,11,74,80,-22,3.08,0.17,19.7,,,
"Jan 13, 2021 12:43:34 PM","Pro Reserve Series JC24",Right,Tee,37,57,43,61.3,10.1,54,14,83,80,-24,2.65,0.18,18.2,,,
"Jan 13, 2021 12:43:08 PM","Pro Reserve Series JC24",Right,Tee,51,39,42,61.2,9.6,68,13,62,79,-23,2.76,0.17,19.2,,,
"Jan 13, 2021 12:42:55 PM","Pro Reserve Series JC24",Right,Tee,37,46,44,60.2,10.3,54,13,72,78,-23,2.41,0.19,18.4,,,
"Jan 13, 2021 12:42:40 PM","Pro Reserve Series JC24",Right,Tee,39,52,40,62,8.9,55,7,76,82,-25,2.68,0.18,18.8,,,
"Jan 13, 2021 12:42:16 PM","Pro Reserve Series JC24",Right,Tee,37,61,33,63.1,5.9,54,9,91,78,-24,2.74,0.18,18.5,,,
"Jan 13, 2021 12:41:53 PM","Pro Reserve Series JC24",Right,Tee,36,61,39,63,8.2,52,10,85,81,-25,2.77,0.18,18.3,,,
"Jan 13, 2021 12:41:41 PM","Pro Reserve Series JC24",Right,Tee,43,57,40,61.6,8.6,60,6,81,81,-25,2.7,0.18,18.3,,,
"Jan 13, 2021 12:41:19 PM","Pro Reserve Series JC24",Right,Tee,44,51,38,63.2,8,60,10,78,79,-25,2.95,0.17,18.3,,,
"Jan 13, 2021 12:41:05 PM","Pro Reserve Series JC24",Right,Tee,48,65,33,61,6,65,7,88,80,-25,2.53,0.18,18.7,,,
"Jan 13, 2021 12:40:43 PM","Pro Reserve Series JC24",Right,Tee,45,64,32,62.5,5.5,61,7,94,82,-25,2.75,0.18,18.6,,,
"Jan 13, 2021 12:40:30 PM","Pro Reserve Series JC24",Right,Tee,51,66,33,60.5,6,68,7,91,81,-24,2.58,0.18,18.3,,,
"Jan 13, 2021 12:40:17 PM","Pro Reserve Series JC24",Right,Tee,52,66,35,62.3,6.6,68,5,93,81,-26,2.73,0.18,18.9,,,
"Jan 13, 2021 12:40:04 PM","Pro Reserve Series JC24",Right,Tee,53,59,31,60.7,5.1,70,8,84,81,-28,2.46,0.19,19.9,,,
"Jan 13, 2021 12:39:32 PM","Pro Reserve Series JC24",Right,Tee,41,48,47,63.1,11.6,58,17,74,79,-14,2.84,0.18,19.1,,,
"Jan 13, 2021 12:38:59 PM","Pro Reserve Series JC24",Right,Tee,41,51,42,67.2,9.5,58,18,95,72,-6,3.41,0.17,18.4,,,
"Jan 13, 2021 12:38:45 PM","Pro Reserve Series JC24",Right,Tee,40,56,49,67.1,12.3,56,17,91,74,-6,3.48,0.16,18.3,,,
"Jan 13, 2021 12:38:28 PM","Pro Reserve Series JC24",Right,Tee,38,52,56,64.7,15.4,55,22,81,76,-12,3.2,0.16,17.3,,,
"Jan 13, 2021 12:38:16 PM","Pro Reserve Series JC24",Right,Tee,38,52,48,64.1,12.1,55,18,83,75,-12,2.99,0.17,17.7,,,
"Jan 13, 2021 12:38:01 PM","Pro Reserve Series JC24",Right,Tee,42,56,46,66,11.1,59,18,89,74,-8,3.29,0.17,18.6,,,
"Jan 13, 2021 12:37:46 PM","Pro Reserve Series JC24",Right,Tee,51,53,51,64.7,13.2,67,16,81,78,-11,3.32,0.16,18.1,,,
"Jan 13, 2021 12:37:27 PM","Pro Reserve Series JC24",Right,Tee,38,59,41,65.6,9.3,54,14,90,76,-17,3.29,0.16,19.7,,,
"Jan 13, 2021 12:37:15 PM","Pro Reserve Series JC24",Right,Tee,34,58,50,66.4,12.8,50,17,87,76,-16,3.29,0.17,18.1,,,
"Jan 13, 2021 12:37:02 PM","Pro Reserve Series JC24",Right,Tee,34,57,42,65.2,9.8,51,16,87,75,-16,3.25,0.16,18.7,,,
"Jan 13, 2021 12:36:31 PM","Pro Reserve Series JC24",Right,Tee,32,57,38,66.8,7.9,49,10,96,79,-18,3.37,0.17,18.8,,,
"Jan 13, 2021 12:36:18 PM","Pro Reserve Series JC24",Right,Tee,36,59,42,66.1,9.4,53,10,97,81,-17,3.38,0.16,18.2,,,
"Jan 13, 2021 12:36:04 PM","Pro Reserve Series JC24",Right,Tee,40,63,42,65.5,9.7,56,9,90,79,-20,3.13,0.17,19.1,,,
"Jan 13, 2021 12:35:52 PM","Pro Reserve Series JC24",Right,Tee,43,62,48,64.8,11.9,60,10,84,82,-20,3.25,0.16,19.1,,,
"Jan 13, 2021 12:35:35 PM","Pro Reserve Series JC24",Right,Tee,42,55,42,65,9.5,59,9,81,79,-21,3.15,0.17,19.7,,,
"Jan 13, 2021 12:35:17 PM","Pro Reserve Series JC24",Right,Tee,43,61,47,65.5,11.5,59,9,84,81,-21,3.28,0.16,19.2,,,
"Jan 13, 2021 12:35:03 PM","Pro Reserve Series JC24",Right,Tee,39,61,47,62.2,11.8,56,10,82,83,-24,2.86,0.17,19.2,,,
"Jan 13, 2021 12:34:45 PM","Pro Reserve Series JC24",Right,Tee,43,52,46,65.1,11.2,59,13,81,77,-19,3.08,0.17,18.9,,,
"Jan 13, 2021 12:34:24 PM","Pro Reserve Series JC24",Right,Tee,41,62,52,64.4,13.9,57,12,85,81,-23,3.25,0.16,17.8,,,
"Jan 13, 2021 12:34:05 PM","Pro Reserve Series JC24",Right,Tee,44,62,53,64.9,14,60,10,85,81,-21,3.26,0.16,18.7,,,
"Jan 13, 2021 12:33:46 PM","Pro Reserve Series JC24",Right,Tee,44,66,38,68.5,7.9,60,7,90,81,-21,3.59,0.16,20.2,,,
"Jan 13, 2021 12:33:17 PM","Pro Reserve Series JC24",Right,Tee,40,66,39,65.2,8.3,57,6,88,81,-24,3.17,0.17,19.4,,,
"Jan 13, 2021 12:33:03 PM","Pro Reserve Series JC24",Right,Tee,41,59,43,65.2,9.9,58,8,83,81,-25,3.17,0.17,19.8,,,
"Jan 13, 2021 12:32:51 PM","Pro Reserve Series JC24",Right,Tee,47,66,41,64.3,9.1,64,6,88,81,-24,2.95,0.18,19.5,,,
"Jan 13, 2021 12:32:40 PM","Pro Reserve Series JC24",Right,Tee,43,57,41,63.3,9.2,59,7,81,82,-26,2.92,0.17,19.3,,,
"Jan 13, 2021 12:32:23 PM","Pro Reserve Series JC24",Right,Tee,42,66,36,64.8,7.1,59,7,91,81,-24,2.99,0.18,19.3,,,
"Jan 13, 2021 12:32:12 PM","Pro Reserve Series JC24",Right,Tee,51,67,37,62.7,7.6,67,4,89,81,-27,2.8,0.18,18.9,,,
"Jan 13, 2021 12:32:02 PM","Pro Reserve Series JC24",Right,Tee,47,64,40,63.1,8.7,64,6,85,82,-27,2.9,0.17,19.2,,,
"Jan 13, 2021 12:31:34 PM","Pro Reserve Series JC24",Right,Tee,52,53,42,63.8,9.5,69,9,78,81,-25,3,0.17,19.8,,,
"Jan 13, 2021 12:31:24 PM","Pro Reserve Series JC24",Right,Tee,53,50,40,63.3,8.9,69,9,75,80,-23,2.92,0.17,19.3,,,
